<?xml version="1.0" encoding="UTF-8"?>
<manifest identifier="man00001" xmlns:bb="http://www.blackboard.com/content-packaging/"><organizations
   default="toc00001"><organization identifier="toc00001"><item identifier="itm00001"
     identifierref="res00005"><title>Activities</title><item identifier="itm00023"
      identifierref="res00038"><title>--TOP--</title><item identifier="itm00024"
      identifierref="res00039"><title>ABOUT ACTIVITY-BASED CONTENT</title></item><item identifier="itm00025"
      identifierref="res00040"><title>HOW TO</title></item><item identifier="itm00026"
       identifierref="res00041"><title>SAMPLE: Chapter One: Importance of Our Oceans</title><item identifier="itm00029"
       identifierref="res00044"><title>ABOUT CREATING COURSE CONTENT</title></item><item identifier="itm00030"
       identifierref="res00045"><title>HOW TO</title></item><item identifier="itm00031"
       identifierref="res00046"><title>SAMPLE: Introduction</title></item><item identifier="itm00032"
       identifierref="res00047"><title>SAMPLE: Chapter One Activity</title></item><item identifier="itm00033"
       identifierref="res00048"><title>SAMPLE: Chapter One Assignment</title></item><item identifier="itm00034"
      identifierref="res00049"><title>SAMPLE: Office Hours in Live Chat</title></item></item><item identifier="itm00027"
      identifierref="res00042"><title>okay</title></item><item identifier="itm00028"
    identifierref="res00043"><title>Peach Brother</title></item></item></item><item identifier="itm00002"
    identifierref="res00006"><title>Conversations</title></item><item identifier="itm00003"
    identifierref="res00007"><title>Live Chat</title></item><item identifier="itm00004"
    identifierref="res00008"><title>divider_1317049520806</title></item><item identifier="itm00005"
    identifierref="res00009"><title>Stay on Track</title></item><item identifier="itm00006"
     identifierref="res00010"><title>Tips and Resources</title><item identifier="itm00035"
      identifierref="res00050"><title>--TOP--</title><item identifier="itm00036"
      identifierref="res00051"><title>ABOUT TIPS AND RESOURCES</title></item><item identifier="itm00037"
      identifierref="res00052"><title>HOW TO</title></item><item identifier="itm00038"
      identifierref="res00053"><title>SAMPLE: Recommended Reading</title></item><item identifier="itm00039"
      identifierref="res00054"><title>SAMPLE: Woods Hole Oceanographic Institute</title></item><item
      identifier="itm00040" identifierref="res00055"><title>SAMPLE: Glossary</title></item></item></item><item
    identifier="itm00007" identifierref="res00011"><title>Tools</title></item><item identifier="itm00008"
    identifierref="res00012"><title>divider_1312566722396</title></item><item identifier="itm00009"
     identifierref="res00013"><title>Game Plan</title><item identifier="itm00041"
      identifierref="res00056"><title>--TOP--</title><item identifier="itm00042"
      identifierref="res00057"><title>ABOUT THE GAME PLAN</title></item><item identifier="itm00043"
      identifierref="res00058"><title>HOW TO</title></item><item identifier="itm00044"
      identifierref="res00059"><title>SAMPLE: Course Description and Objectives</title></item><item
      identifier="itm00045" identifierref="res00060"><title>Introductory Oceanography</title></item><item
      identifier="itm00046" identifierref="res00061"><title>SAMPLE: Schedule of Topics</title></item><item
      identifier="itm00047" identifierref="res00062"><title>SAMPLE: Orientation Survey</title></item></item></item><item
    identifier="itm00010" identifierref="res00014"><title>Instructor Info</title></item><item identifier="itm00011"
    identifierref="res00015"><title>divider_1313503618005</title></item><item identifier="itm00012"
    identifierref="res00016"><title>My Grades</title></item><item identifier="itm00013"
    identifierref="res00017"><title>Help</title></item><item identifier="itm00014"
    identifierref="res00018"><title>divider_1479142659954</title></item><item identifier="itm00015"
    identifierref="res00019"><title>Home Page</title></item><item identifier="itm00016"
    identifierref="res00020"><title>Discussions</title></item><item identifier="itm00017"
    identifierref="res00021"><title>Groups</title></item><item identifier="itm00018"
    identifierref="res00022"><title>Help</title></item><item
     identifier="itm00019"><title>placeholder/staff-info</title><item identifier="itm00020"
     identifierref="res00035"><title>SAMPLE: Professor Cathy Chu</title></item><item identifier="itm00021"
      identifierref="res00036"><title>SAMPLE: Guest Lecturers</title><item identifier="itm00022"
   identifierref="res00037"><title>SAMPLE: Dr. Carol Strand</title></item></item></item></organization></organizations><resources><resource
   bb:file="res00001.dat" bb:title="Guided Preview Course" identifier="res00001" type="course/x-bb-coursesetting"
   xml:base="res00001"/><resource bb:file="res00002.dat" bb:title="Learning Standard Sub Document Associations"
   identifier="res00002" type="course/x-bb-subdocassociation" xml:base="res00002"/><resource bb:file="res00003.dat"
   bb:title="Course Application Settings" identifier="res00003" type="course/x-bb-courseappsetting"
   xml:base="res00003"/><resource bb:file="res00004.dat" bb:title="Course Navigation Settings" identifier="res00004"
   type="course/x-bb-coursenavsetting" xml:base="res00004"/><resource bb:file="res00005.dat" bb:title="Activities"
   identifier="res00005" type="course/x-bb-coursetoc" xml:base="res00005"/><resource bb:file="res00006.dat"
   bb:title="Conversations" identifier="res00006" type="course/x-bb-coursetoc" xml:base="res00006"/><resource
   bb:file="res00007.dat" bb:title="Live Chat" identifier="res00007" type="course/x-bb-coursetoc"
   xml:base="res00007"/><resource bb:file="res00008.dat" bb:title="divider_1317049520806" identifier="res00008"
   type="course/x-bb-coursetoc" xml:base="res00008"/><resource bb:file="res00009.dat" bb:title="Stay on Track"
   identifier="res00009" type="course/x-bb-coursetoc" xml:base="res00009"/><resource bb:file="res00010.dat"
   bb:title="Tips and Resources" identifier="res00010" type="course/x-bb-coursetoc" xml:base="res00010"/><resource
   bb:file="res00011.dat" bb:title="Tools" identifier="res00011" type="course/x-bb-coursetoc"
   xml:base="res00011"/><resource bb:file="res00012.dat" bb:title="divider_1312566722396" identifier="res00012"
   type="course/x-bb-coursetoc" xml:base="res00012"/><resource bb:file="res00013.dat" bb:title="Game Plan"
   identifier="res00013" type="course/x-bb-coursetoc" xml:base="res00013"/><resource bb:file="res00014.dat"
   bb:title="Instructor Info" identifier="res00014" type="course/x-bb-coursetoc" xml:base="res00014"/><resource
   bb:file="res00015.dat" bb:title="divider_1313503618005" identifier="res00015" type="course/x-bb-coursetoc"
   xml:base="res00015"/><resource bb:file="res00016.dat" bb:title="My Grades" identifier="res00016"
   type="course/x-bb-coursetoc" xml:base="res00016"/><resource bb:file="res00017.dat" bb:title="Help"
   identifier="res00017" type="course/x-bb-coursetoc" xml:base="res00017"/><resource bb:file="res00018.dat"
   bb:title="divider_1479142659954" identifier="res00018" type="course/x-bb-coursetoc" xml:base="res00018"/><resource
   bb:file="res00019.dat" bb:title="Home Page" identifier="res00019" type="course/x-bb-coursetoc"
   xml:base="res00019"/><resource bb:file="res00020.dat" bb:title="Discussions" identifier="res00020"
   type="course/x-bb-coursetoc" xml:base="res00020"/><resource bb:file="res00021.dat" bb:title="Groups"
   identifier="res00021" type="course/x-bb-coursetoc" xml:base="res00021"/><resource bb:file="res00022.dat"
   bb:title="Help" identifier="res00022" type="course/x-bb-coursetoc" xml:base="res00022"/><resource
   bb:file="res00023.dat" bb:title="Content Handler Data" identifier="res00023" type="course/x-bb-contenthandler"
   xml:base="res00023"/><resource bb:file="res00024.dat" bb:title="Groups" identifier="res00024"
   type="course/x-bb-group" xml:base="res00024"/><resource bb:file="res00025.dat" bb:title="Available Group Tools"
   identifier="res00025" type="course/x-bb-availgrouptool" xml:base="res00025"/><resource bb:file="res00026.dat"
   bb:title="SAMPLE: Orientation Survey" identifier="res00026" type="assessment/x-bb-qti-survey"
   xml:base="res00026"/><resource bb:file="res00027.dat" bb:title="Assessment Creation Settings" identifier="res00027"
   type="course/x-bb-courseassessmentcreationsettings" xml:base="res00027"/><resource bb:file="res00028.dat"
   bb:title="Hot Dawg" identifier="res00028" type="resource/x-bb-announcement" xml:base="res00028"/><resource
   bb:file="res00029.dat" bb:title="ABOUT ANNOUNCEMENTS" identifier="res00029" type="resource/x-bb-announcement"
   xml:base="res00029"/><resource bb:file="res00030.dat" bb:title="HOW TO" identifier="res00030"
   type="resource/x-bb-announcement" xml:base="res00030"/><resource bb:file="res00031.dat"
   bb:title="SAMPLE: Welcome to Introduction to Oceanography!" identifier="res00031" type="resource/x-bb-announcement"
   xml:base="res00031"/><resource bb:file="res00032.dat" bb:title="Conferences" identifier="res00032"
   type="resource/x-bb-conference" xml:base="res00032"/><resource bb:file="res00033.dat" bb:title="ABOUT DISCUSSIONS"
   identifier="res00033" type="resource/x-bb-discussionboard" xml:base="res00033"/><resource bb:file="res00034.dat"
   bb:title="SAMPLE: Glacier Melt Could Signal Faster Rise in Ocean Levels" identifier="res00034"
   type="resource/x-bb-discussionboard" xml:base="res00034"/><resource bb:file="res00035.dat"
   bb:title="SAMPLE: Professor Cathy Chu" identifier="res00035" type="resource/x-bb-staffinfo"
   xml:base="res00035"/><resource bb:file="res00036.dat" bb:title="SAMPLE: Guest Lecturers" identifier="res00036"
   type="resource/x-bb-staffinfo" xml:base="res00036"/><resource bb:file="res00037.dat"
   bb:title="SAMPLE: Dr. Carol Strand" identifier="res00037" type="resource/x-bb-staffinfo"
   xml:base="res00037"/><resource bb:file="res00038.dat" bb:title="--TOP--" identifier="res00038"
   type="resource/x-bb-document" xml:base="res00038"/><resource bb:file="res00039.dat"
   bb:title="ABOUT ACTIVITY-BASED CONTENT" identifier="res00039" type="resource/x-bb-document"
   xml:base="res00039"/><resource bb:file="res00040.dat" bb:title="HOW TO" identifier="res00040"
   type="resource/x-bb-document" xml:base="res00040"/><resource bb:file="res00041.dat"
   bb:title="SAMPLE: Chapter One: Importance of Our Oceans" identifier="res00041" type="resource/x-bb-document"
   xml:base="res00041"/><resource bb:file="res00042.dat" bb:title="okay" identifier="res00042"
   type="resource/x-bb-document" xml:base="res00042"/><resource bb:file="res00043.dat" bb:title="Peach Brother"
   identifier="res00043" type="resource/x-bb-document" xml:base="res00043"/><resource bb:file="res00044.dat"
   bb:title="ABOUT CREATING COURSE CONTENT" identifier="res00044" type="resource/x-bb-document"
   xml:base="res00044"/><resource bb:file="res00045.dat" bb:title="HOW TO" identifier="res00045"
   type="resource/x-bb-document" xml:base="res00045"/><resource bb:file="res00046.dat" bb:title="SAMPLE: Introduction"
   identifier="res00046" type="resource/x-bb-document" xml:base="res00046"/><resource bb:file="res00047.dat"
   bb:title="SAMPLE: Chapter One Activity" identifier="res00047" type="resource/x-bb-document"
   xml:base="res00047"/><resource bb:file="res00048.dat" bb:title="SAMPLE: Chapter One Assignment" identifier="res00048"
   type="resource/x-bb-document" xml:base="res00048"/><resource bb:file="res00049.dat"
   bb:title="SAMPLE: Office Hours in Live Chat" identifier="res00049" type="resource/x-bb-document"
   xml:base="res00049"/><resource bb:file="res00050.dat" bb:title="--TOP--" identifier="res00050"
   type="resource/x-bb-document" xml:base="res00050"/><resource bb:file="res00051.dat"
   bb:title="ABOUT TIPS AND RESOURCES" identifier="res00051" type="resource/x-bb-document"
   xml:base="res00051"/><resource bb:file="res00052.dat" bb:title="HOW TO" identifier="res00052"
   type="resource/x-bb-document" xml:base="res00052"/><resource bb:file="res00053.dat"
   bb:title="SAMPLE: Recommended Reading" identifier="res00053" type="resource/x-bb-document"
   xml:base="res00053"/><resource bb:file="res00054.dat" bb:title="SAMPLE: Woods Hole Oceanographic Institute"
   identifier="res00054" type="resource/x-bb-document" xml:base="res00054"/><resource bb:file="res00055.dat"
   bb:title="SAMPLE: Glossary" identifier="res00055" type="resource/x-bb-document" xml:base="res00055"/><resource
   bb:file="res00056.dat" bb:title="--TOP--" identifier="res00056" type="resource/x-bb-document"
   xml:base="res00056"/><resource bb:file="res00057.dat" bb:title="ABOUT THE GAME PLAN" identifier="res00057"
   type="resource/x-bb-document" xml:base="res00057"/><resource bb:file="res00058.dat" bb:title="HOW TO"
   identifier="res00058" type="resource/x-bb-document" xml:base="res00058"/><resource bb:file="res00059.dat"
   bb:title="SAMPLE: Course Description and Objectives" identifier="res00059" type="resource/x-bb-document"
   xml:base="res00059"/><resource bb:file="res00060.dat" bb:title="Introductory Oceanography" identifier="res00060"
   type="resource/x-bb-document" xml:base="res00060"/><resource bb:file="res00061.dat"
   bb:title="SAMPLE: Schedule of Topics" identifier="res00061" type="resource/x-bb-document"
   xml:base="res00061"/><resource bb:file="res00062.dat" bb:title="SAMPLE: Orientation Survey" identifier="res00062"
   type="resource/x-bb-document" xml:base="res00062"/><resource bb:file="res00063.dat" bb:title="Course Module Pages"
   identifier="res00063" type="course/x-bb-coursemodulepages" xml:base="res00063"/><resource bb:file="res00064.dat"
   bb:title="LearnRubrics" identifier="res00064" type="course/x-bb-rubrics" xml:base="res00064"/><resource
   bb:file="res00065.dat" bb:title="Gradebook" identifier="res00065" type="course/x-bb-gradebook"
   xml:base="res00065"/><resource bb:file="res00066.dat" bb:title="Course Assessment" identifier="res00066"
   type="course/x-bb-courseassessment" xml:base="res00066"/><resource bb:file="res00067.dat"
   bb:title="COURSE_DEFAULT.BulletinBoard.MODULE.label" identifier="res00067" type="resource/x-bb-link"
   xml:base="res00067"/><resource bb:file="res00068.dat" bb:title="COURSE_DEFAULT.BulletinBoard.MODULE.label"
   identifier="res00068" type="resource/x-bb-link" xml:base="res00068"/><resource bb:file="res00069.dat"
   bb:title="Glossary" identifier="res00069" type="resource/x-bb-link" xml:base="res00069"/><resource
   bb:file="res00070.dat" bb:title="" identifier="res00070" type="resource/x-bb-link" xml:base="res00070"/><resource
   bb:file="res00071.dat" bb:title="SAMPLE: Orientation Survey" identifier="res00071" type="resource/x-bb-link"
   xml:base="res00071"/><resource bb:file="res00072.dat" bb:title="CSResourceLinks" identifier="res00072"
   type="course/x-bb-csresourcelinks" xml:base="res00072"/><resource bb:file="res00073.dat"
   bb:title="CourseRubricAssociation" identifier="res00073" type="course/x-bb-crsrubricassocation"
   xml:base="res00073"/><resource bb:file="res00074.dat" bb:title="collab" identifier="res00074"
   type="resource/x-x-wimba" xml:base="res00074"><file href="wimba_va.txt"/></resource><resource bb:file="res00075.dat"
   bb:title="Bb.Preview.kamijean.2016-11-14_11.56.08.596" identifier="res00075" type="resource/x-mhhe-course-cx"
   xml:base="res00075"/><resource bb:file="res00076.dat" bb:title="BB_EWS_RULE_" identifier="res00076"
   type="resource/x-bb-retention" xml:base="res00076"/><resource bb:file="res00077.dat" bb:title="_44805_1"
   identifier="res00077" type="resource/x-bb-textbook" xml:base="res00077"/><resource bb:file="res00078.dat"
   bb:title="collab" identifier="res00078" type="resource/x-x-vpresentation-wimba" xml:base="res00078"><file
   href="wimba_vp.txt"/></resource><resource bb:file="res00079.dat" bb:title="collab" identifier="res00079"
   type="resource/x-x-vboard-wimba" xml:base="res00079"><file href="wimba_vb.txt"/></resource><resource
   bb:file="res00080.dat" bb:title="collab" identifier="res00080" type="resource/x-x-podcaster-wimba"
    xml:base="res00080"><file href="wimba_pc.txt"/></resource></resources></manifest>
