<lom xmlns="http://www.imsglobal.org/xsd/imsmd_rootv1p2p1"
     xmlns:xsi="http://www.w3.org/2001/XMLSchema-instance"
     xsi:schemaLocation="http://www.imsglobal.org/xsd/imsmd_rootv1p2p1 imsmd_rootv1p2p1.xsd">
     
<general>
   <title>
      <langstring xml:lang="en-US">Fundamentals of Logistics</langstring>
   </title>
   <description>
      <langstring xml:lang="en-US">This interactive internet based course will provide an overview of joint and air force logistics doctrine, organizations and processes.  It will also introduce key contemporary issues that will affect the logistics practitioner.  It is designed for new accessions and new practitioners in the logistics career fields.</langstring>
   </description>
   <keyword>
      <langstring xml:lang="en-US">Logistics</langstring> 
   </keyword>
   <keyword>
      <langstring xml:lang="en-US">Acquisition</langstring> 
   </keyword>
   <keyword>
      <langstring xml:lang="en-US">Distribution</langstring> 
   </keyword>
   <keyword>
      <langstring xml:lang="en-US">Sustainment</langstring> 
   </keyword>
   <keyword>
      <langstring xml:lang="en-US">Disposition</langstring> 
   </keyword>
</general>

</lom>